Artist,Title,URI
Minorcan,Rock Alone,spotify:track:6EpX5gxJ4mBWKB6BsppoIU
Minorcan,Ghost Heart,spotify:track:0Ta3dpICKbIlMh7MXP59E7
Kass Richards,Gardens,spotify:track:48Bb7vHEpbc65hqtqNAwSe
Kass Richards,Dream,spotify:track:0XM5rwwco5JWodpG0iWd8q
Zack Miles,Extra Steps,spotify:track:1C1XPObYUYFGCFomQywWJ1
Zack Miles,Nowhere to Hide,spotify:track:03dxvdVD1A7eXpO3JfSmaQ
Ghost Cop,Problems,spotify:track:3rRIdfhRAtEHqOoAARl9MR
Ghost Cop,A Shot in the Dark,spotify:track:2JgT2bCX1KGPJDYZU2Xqt5
Holy Wire,I Still Feel Alone All The Time,spotify:track:3DeLxzk36GLkGaNooy9cov
"Holy Wire, The KVB",Phantom Nihilism - The KVB Remix,spotify:track:0YXZsfURPzoKvbaiCbYyUB
Minorcan,Rock Alone,spotify:track:6EpX5gxJ4mBWKB6BsppoIU
Minorcan,Ghost Heart,spotify:track:0Ta3dpICKbIlMh7MXP59E7
"Aidan Coughlan, Kass Richards",The Three Faces of Eve,spotify:track:4RtbDT3GjdvgenFMDQT23q
"Aidan Coughlan, Kass Richards",Get a Little Rose,spotify:track:73GXuNROrq2GOKm7xfSmXT
Zack Miles,Nowhere to Hide,spotify:track:03dxvdVD1A7eXpO3JfSmaQ
Zack Miles,Extra Steps,spotify:track:1C1XPObYUYFGCFomQywWJ1
Ghost blanket,The crystal lake,spotify:track:135sjMkhrTWawxtyWjDdA0
Ghost blanket,Gold music box,spotify:track:3P1TdY3cyPhM8GF2ose2nB
Bonnie Madison,SUNFLOWER,spotify:track:4fUyJAifIUmtITWMXbrGNk
Bonnie Madison,STAR GIRL,spotify:track:0sehxJcNAyGNaJDLIQiio0
New Romantics,Down Bad - Teenage Petulance Version,spotify:track:5n11PS8iV2jh6mRkgZ2qZE
New Romantics,Screaming Infidelities,spotify:track:1Pp24AhIsDBEK1WuU1xZ52
Ghost Cop,Problems,spotify:track:3rRIdfhRAtEHqOoAARl9MR
Ghost Cop,A Shot in the Dark,spotify:track:2JgT2bCX1KGPJDYZU2Xqt5
Holy Wire,I Still Feel Alone All The Time,spotify:track:3DeLxzk36GLkGaNooy9cov
Holy Wire,The Ending Of An Age,spotify:track:6FL5vkhI5tw75ulvg0nIUO
The Coke Dares,Honey Pie,spotify:track:2G1d6ZT3xMljw8DpsY5Fis
The Coke Dares,You Say a Lot,spotify:track:5iVmz2vkIHY2l4y3zykcYO
Material Objects,Working On My Act,spotify:track:15IHbAJWimt8WDpBbyVWmR
Material Objects,Wakes And Cells,spotify:track:2lFHiyASqwxyDcJsYmYcpj
"Quintron, Miss Pussycat, Peaches, Vice Cooler",Steve - Remastered 2025,spotify:track:1ckm4nm1LSVyMJad1ecRwg
Quintron,Witch in the Club,spotify:track:3Qouhfb3XkkVHjfwwXmlIz
Aaron Dilloway,It's Not Alright,spotify:track:4n0DTDCyWycrf5T1eoUBDn
Aaron Dilloway,Born in a Maze,spotify:track:09Y35kKmf54oDUb20Q53Da
Garrett T. Capps,Toxic Serenity,spotify:track:4e5eSyKqb062TfYjvqRBYK
Garrett T. Capps,"Goodbye San Antonio, Hello Amsterdam",spotify:track:69DwklQ9Y3kufJey4ccoeM
Yer Flowers,I Sure Love Ya,spotify:track:4LWzpXhoY4TfrCfBl67FXs
Yer Flowers,Big Frown,spotify:track:6TfQ4MidBCc2IVibWdwqq5
Sam Quinn,Hello,spotify:track:60Ym39B4qCFOvs7DxIv4JW
Sam Quinn,Gun,spotify:track:6JibJxwexjy8ZxFi20nRHd
"Martin Harley, Daniel Kimbro, Jerry Douglas",Feet Don't Fail Me (Feat. Jerry Douglas),spotify:track:5jN7si0mIiHEaTmIGYVCS6
"Martin Harley, Daniel Kimbro",Nobodys Fault But Mine,spotify:track:5plBSxmDNw2D73eGybFFJ7
Ghost blanket,The crystal lake,spotify:track:135sjMkhrTWawxtyWjDdA0
Ghost blanket,Gold music box,spotify:track:3P1TdY3cyPhM8GF2ose2nB
Sarrenna,Audacity,spotify:track:4htzj7nGcF7K4RaU48A051
Sarrenna,All Good Things,spotify:track:5TKZnMGalmo7Eqj0zgRSIn
Lazarus Lake,"Family Tree, Pt. II",spotify:track:1FOpi3tG8NuaIauh9Teozl
Lazarus Lake,Nissan Frontier,spotify:track:4YGtRnv4otvUdTO4jEXZin
Maria Keck,Forest Queen,spotify:track:02DJ21wEOnMUkXfTe1XEru
Maria Keck,Wild & Free,spotify:track:6jfwBbBcbiXdNDfEpTJ647
Fake Sick,dead Ringer,spotify:track:2si9lXvONISoAIDNl9gKQH
Fake Sick,JOeL in a HOLe,spotify:track:184CSID4rA2L2e4VVbnFid
King Ghoul,Dog in Heat,spotify:track:64ZawOXH4TYcwQAAlNvkBQ
King Ghoul,Haunted Feelings,spotify:track:2nLpHLRgyfMuxNqux6gBt8
Peace Pursuers,Caterpillars,spotify:track:4RMyX1Z30cSh6ovx5J00OU
Peace Pursuers,Perpetually Puzzled,spotify:track:7MV0nvHnrG0SIyEghqITPg
