date,artist,price
2026-02-28,DANN PELL,10
2026-02-28,AL FORSYTH,10
2026-02-28,*SACRED HARP SINGING DEMONSTRATION,10
2026-03-03,BABE LEWIS,12
2026-03-03,HIDAZE,12
2026-03-03,SADDLE,12
2026-03-05,CASH LANGDON,10
2026-03-05,LAZARUS LAKE,10
2026-03-05,YER FLOWERS,10
2026-03-06,WESTON OLENCKI,10
2026-03-06,FOREST FLOOR,10
2026-03-06,EVERYHOURSUN,10
2026-03-07,DD ISLAND,10
2026-03-07,MEOB,10
2026-03-07,MEGAWEED,10
2026-03-08,PENTAGRAM STRING BAND,10
2026-03-08,LITTLEFOOT,10
2026-03-08,YES MAâ€™AM,10
2026-03-08,MOLLY POSSUM,10
2026-03-12,WILLA MAE,15
2026-03-12,LUCILLE KLEMENT,15
2026-03-13,TOOTHLESS HAGS,10
2026-03-13,JUDE MAUK,10
2026-03-13,SUNKILLER,10
2026-03-13,THE LOST SOUND DEPARTMENT,10
2026-03-14,I-26 CONNECTOR,10
2026-03-14,MOTOCROSSED,10
2026-03-14,20CATS,10
2026-03-14,RUN 40,10
2026-04-10,THE MONTVALES,15
2026-04-10,BLUE CACTUS,15
2026-04-14,FUST,15
2026-04-14,MERCE LEMON,15
2026-04-14,THOMAS DOLBAUM,15
2026-04-23,PALLBEARER,22
2026-04-23,KNOLL,22
2026-05-08,CECE COAKLEY,12
